{
    "Angles": [
        30,
        210
    ],
    "MusclesNumber": 2,
    "ProjectionMatrix": [
        [
            1.0,
            0.0
        ],
        [
            -1.0,
            1.2246467991473532e-16
        ]
    ],
    "SynergyBase": [
        [
            150.03389866421387,
            74.89394904799043
        ],
        [
            0.0,
            134.90428576835365
        ]
    ],
    "SynergyBaseInverse": [
        [
            0.006665160399771177,
            -0.003700254447321981
        ],
        [
            8.893155818347304e-19,
            0.007412662943244933
        ]
    ]
}