{
    "Angles": [
        0,
        90,
        180,
        270
    ],
    "MusclesNumber": 4,
    "Peaks": [
        11,
        11,
        11,
        11
    ],
    "SensorStickers": [
        "6A",
        "6B",
        "5A",
        "5B"
    ],
    "SynergyBase": [
        [
            1,
            0,
            0,
            0
        ],
        [
            0,
            1,
            0,
            0
        ],
        [
            0,
            0,
            1,
            0
        ],
        [
            0,
            0,
            0,
            1
        ]
    ],
    "Thresholds": [
        0.669892343669913,
        0.371759360193786,
        0.024806466160268,
        0.012368349619432
    ]
}