{
    "Angles": [
        "45",
        "225",
        "135",
        "315"
    ],
    "MusclesNumber": 4,
    "Peaks": [
        10.283626825199192,
        10.28135266180734,
        10.243529151387186,
        10.186582063539124
    ],
    "SensorStickers": [
        "6A",
        "6B",
        "5A",
        "5B"
    ],
    "SynergyBase": [
        [
            0.00011156579758822448,
            0.0,
            1.0,
            2.187283850130664e-05
        ],
        [
            2.9584666925044636e-05,
            0.8850157063995541,
            0.0,
            7.028610223724378e-06
        ],
        [
            0.0,
            0.0,
            6.865130289595969e-10,
            0.811769449518483
        ],
        [
            0.872461907270646,
            0.0,
            0.0,
            0.0
        ]
    ],
    "Thresholds": [
        0.27074982967369954,
        8.060101270632853,
        1.118096516477581,
        0.39114291287309816
    ]
}