{
    "Angles": [
        0,
        90,
        180,
        270
    ],
    "MusclesNumber": 4,
    "Peaks": [
        10.482136546261932,
        10.033570324770816,
        10.242572423384958,
        10.219601355506843
    ],
    "SensorStickers": [
        "6A",
        "6B",
        "5A",
        "5B"
    ],
    "SynergyBase": [
        [
            1.0,
            0.001217144951484757,
            1.0,
            6.304231564583118e-05
        ],
        [
            6.527066797088308e-09,
            0.0,
            0.5445468102864336,
            0.0
        ],
        [
            2.0978911965384447e-08,
            0.0,
            0.0,
            0.5257700630261938
        ],
        [
            0.0,
            0.5867677532081998,
            3.072140173227125e-17,
            0.0
        ]
    ],
    "Thresholds": [
        0.09121644320759421,
        0.08784517368661626,
        0.04979364517718264,
        0.05188455142068197
    ]
}