{
    "Angles": [
        30,
        210
    ],
    "MusclesNumber": 2,
    "ProjectionMatrix": [
        [
            1.0,
            0.0
        ],
        [
            -1.0,
            1.2246467991473532e-16
        ]
    ],
    "SynergyBase": [
        [
            25.089220388297672,
            8.476937857519198e-07
        ],
        [
            0.0,
            7.826477698510446
        ]
    ],
    "SynergyBaseInverse": [
        [
            0.03985775502480055,
            -4.31703411803962e-09
        ],
        [
            1.665933465067386e-25,
            0.12777139838912754
        ]
    ]
}