{
    "Angles": [
        "45",
        "225",
        "135",
        "315"
    ],
    "MusclesNumber": 6,
    "Peaks": [
        1.6328374151216907,
        1.433768215457389,
        1.7897764553292133,
        0.5001907377737087,
        1.9394979781795985,
        2.2540474555580983
    ],
    "SensorStickers": [
        "6A",
        "6B",
        "5A",
        "5B",
        "4",
        "3"
    ],
    "SynergyBase": [
        [
            0.0,
            0.0,
            1.0,
            0.0,
            0.0,
            0.012314830687527513
        ],
        [
            0.7739470559055059,
            0.0062171572650062444,
            4.30709920304027e-05,
            0.001883663647073713,
            0.0,
            0.0
        ],
        [
            0.0,
            0.0,
            0.0,
            0.7040623627574326,
            0.026111607247381693,
            0.08210958504103165
        ],
        [
            0.0,
            0.7043885715614804,
            0.0,
            0.0,
            0.022369992820293148,
            0.004733741827156214
        ]
    ],
    "Thresholds": [
        0.06176852063782711,
        0.04599069199664301,
        0.03189135576409552,
        0.05018692301823453,
        0.030212863355458912,
        0.02836652170595865
    ]
}