{
    "Angles": [
        "45",
        "225",
        "135",
        "315"
    ],
    "MusclesNumber": 8,
    "Peaks": [
        0.5139543755245289,
        0.37111467154955363,
        0.21501487754634926,
        0.19839780270084684,
        0.45336079957274733,
        0.33804837109941255,
        0.17019913023575187,
        0.5018692301823453
    ],
    "SensorStickers": [
        "6A",
        "6B",
        "5A",
        "5B",
        "4",
        "3",
        "2",
        "1"
    ],
    "SynergyBase": [
        [
            0.08678483057828207,
            0.0889327160494942,
            0.0,
            0.0,
            0.0,
            0.6800336934958797,
            3.927194559834025,
            0.0
        ],
        [
            0.0,
            0.0,
            0.0,
            3.1969772964968386,
            0.0,
            0.16693018548303595,
            0.0,
            0.10915972874509042
        ],
        [
            0.12170050242198668,
            0.24825666757643,
            2.8241507414160627,
            0.0,
            0.0,
            0.0,
            0.0,
            0.8775749594211607
        ],
        [
            0.0,
            0.09766811010927727,
            0.0,
            0.0,
            2.428094435374782,
            0.75901090300927,
            0.0,
            0.004662829086761142
        ]
    ],
    "Thresholds": [
        0.10691996643015182,
        0.08661020828564889,
        0.04699778744182498,
        0.019470511940184634,
        0.06462195773250934,
        0.07301441977569237,
        0.04800488288700694,
        0.10574502174410619
    ]
}