{
    "Angles": [
        "45",
        "135",
        "315",
        "225"
    ],
    "MusclesNumber": 4,
    "Peaks": [
        0.32874953325746364,
        0.6838620841481048,
        0.1504366863642737,
        0.5212693331441157
    ],
    "SensorStickers": [
        "6A",
        "6B",
        "5A",
        "5B"
    ],
    "SynergyBase": [
        [
            0.0,
            0.0,
            1.0,
            0.0
        ],
        [
            2.0326790145780746e-10,
            0.0,
            0.0,
            0.2403564090927067
        ],
        [
            0.1946290953097305,
            9.673700631598993e-06,
            0.0,
            0.0
        ],
        [
            0.0,
            0.1758691796394214,
            1.0276513493888068e-16,
            5.02163133603092e-06
        ]
    ],
    "Thresholds": [
        0.06847942914222328,
        0.058796681650584486,
        0.05404088312019102,
        0.060121525536882305
    ]
}