{
    "Angles": [
        0,
        90,
        180,
        270
    ],
    "MusclesNumber": 8,
    "ProjectionMatrix": [
        [
            1.0,
            0.0
        ],
        [
            0.7071067811865476,
            0.7071067811865476
        ],
        [
            6.123233995736766e-17,
            1.0
        ],
        [
            -0.7071067811865475,
            0.7071067811865476
        ],
        [
            -1.0,
            1.2246467991473532e-16
        ],
        [
            -0.7071067811865477,
            -0.7071067811865475
        ],
        [
            -1.8369701987210297e-16,
            -1.0
        ],
        [
            0.7071067811865474,
            -0.7071067811865477
        ]
    ],
    "SynergyBase": [
        [
            0.08345770310472302,
            3.8132718689946232,
            0.28326068580299535,
            0.2318073867480168,
            0.11693668381997853,
            0.0,
            0.0,
            0.0
        ],
        [
            0.01576701068028607,
            0.0,
            0.030869412911982228,
            0.03606538665726143,
            0.1885563020630556,
            0.0,
            0.0,
            2.8063878350844726
        ],
        [
            0.06612909444751743,
            0.0,
            0.033587799077954304,
            0.09623350953643724,
            0.0,
            2.821745455299563,
            0.0,
            0.0
        ],
        [
            0.7812891569685523,
            0.0,
            0.036976126710635646,
            0.11463816220056267,
            0.30626729641060535,
            0.0,
            2.4366277612053295,
            0.0
        ]
    ],
    "SynergyBaseInverse": [
        [
            0.0045569350951376675,
            0.0008480100364326898,
            0.007328548947783369,
            0.11720883517708629
        ],
        [
            0.25953980962198187,
            -0.0012753826779646192,
            -0.001171081751675248,
            -0.00535808334565973
        ],
        [
            0.01920676034678067,
            0.003751275947558278,
            0.004077375889471278,
            0.005075361640009705
        ],
        [
            0.015574632956136262,
            0.004309929834369361,
            0.011853790893556778,
            0.01673786726990145
        ],
        [
            0.007465567232760316,
            0.023354051607322877,
            -0.0004166985204784356,
            0.045599348824219066
        ],
        [
            -0.0008665772397301189,
            -0.00021151266897613205,
            0.35376603011392294,
            -0.003378096365906092
        ],
        [
            -0.003423740838685197,
            -0.0034670512735535492,
            -0.002917046741312036,
            0.3662249800081267
        ],
        [
            -0.0009386213612566349,
            0.3546594039470522,
            -0.0002103614909934206,
            -0.003993178881333159
        ]
    ]
}