{
    "Angles": [
        "45",
        "225",
        "135",
        "315"
    ],
    "MusclesNumber": 8,
    "Peaks": [
        0.4533469035299215,
        0.4800783601050444,
        0.8114804039683876,
        0.5871706696566057,
        0.20518850790938747,
        0.3510844727797873,
        0.49908532889503765,
        0.4261339867430557
    ],
    "SensorStickers": [
        "6A",
        "6B",
        "5A",
        "5B",
        "4",
        "3",
        "2",
        "1"
    ],
    "SynergyBase": [
        [
            0.0,
            0.0009086241643748432,
            0.0,
            0.00025805843604888735,
            0.012155883665045204,
            0.09596458550922683,
            0.011135735270982097,
            1.0
        ],
        [
            0.4209723736480431,
            0.6089049633151163,
            0.07387719954082078,
            0.0,
            0.010553261737502949,
            0.0,
            0.015776223866279433,
            0.0012901947398492417
        ],
        [
            0.008335382034363998,
            0.0,
            0.5121011330165127,
            0.0005862804170641762,
            0.05722932789416325,
            0.24236412544103922,
            0.008227911010126644,
            0.0
        ],
        [
            0.0,
            0.059786481518715386,
            0.025424171694200207,
            0.544895387820185,
            0.0,
            0.0,
            0.0007270118357289646,
            0.0
        ]
    ],
    "Thresholds": [
        0.06889594389592603,
        0.052017516416312866,
        0.030300868491903183,
        0.04557771051367147,
        0.0551839372441571,
        0.03789460307133619,
        0.015083910122617027,
        0.05377514436344506
    ]
}