{
    "Angles": [
        "270",
        "150",
        "30"
    ],
    "MusclesNumber": 3,
    "Peaks": [
        1.5794613565270466,
        1.0161593041886015,
        3.2738994430457007
    ],
    "SynergyBase": [
        [
            2.5475131184641393e-05,
            0.0,
            2.962255161160326
        ],
        [
            2.449827781258456,
            1.7590172301429656e-09,
            0.0
        ],
        [
            0.0,
            2.4060197252209923,
            2.105780207274453e-09
        ]
    ],
    "Thresholds": [
        0.014770733196002136,
        0.07175555046921492,
        0.04682993820096132
    ]
}