{
    "Angles": [
        "0",
        "180"
    ],
    "MusclesNumber": 8,
    "Peaks": [
        0.15824996996974397,
        0.2896944381849099,
        0.2496434290053609,
        0.2575658483666057,
        0.7309188983217264,
        0.30857137835764076,
        0.38033865391283633,
        0.5705611978684406
    ],
    "SensorStickers": [
        "M1",
        "M2",
        "M3"
    ],
    "SynergyBase": [
        [
            0.0,
            0.0,
            0.0,
            0.0,
            0.0,
            0.0,
            0.0,
            2.65
        ],
        [
            1.0,
            1.0,
            1.0,
            1.0,
            1.0,
            1.0,
            1.0,
            0.0
        ]
    ],
    "Thresholds": [
        0.06857327650519732,
        0.05138854677649328,
        0.03192119142216431,
        0.047570252552946495,
        0.03458405059169359,
        0.027967625473757265,
        0.014713455487577957,
        0.025795754137656352
    ]
}